-- INSERCIÓN DE DATOS EN LAS TABLAS

-- Uso el esquema negocio_pesca
USE negocio_pesca;

-- INSERCIÓN EN TABLA EMPLEADOS
INSERT INTO EMPLEADOS (ID_EMPLEADO,NOMBRE_APELLIDO,DIRECCION,TELEFONO,CORREO_ELECTRONICO) VALUES (1,'Juan Carlos Pérez','50 nº 2000 entre 14 y 15','+54 9 221 3564625','juanperez@gmail.com');
INSERT INTO EMPLEADOS (ID_EMPLEADO,NOMBRE_APELLIDO,DIRECCION,TELEFONO,CORREO_ELECTRONICO) VALUES (2,'María Alejandra García','20 nº 1500 entre 12 y 13','+54 9 221 7856432','maria.garcia@gmail.com');
INSERT INTO EMPLEADOS (ID_EMPLEADO,NOMBRE_APELLIDO,DIRECCION,TELEFONO,CORREO_ELECTRONICO) VALUES (3,'Carlos Eduardo Rodríguez','35 nº 1800 entre 17 y 18','+54 9 221 1234567','carlosrodriguez@gmail.com');
INSERT INTO EMPLEADOS (ID_EMPLEADO,NOMBRE_APELLIDO,DIRECCION,TELEFONO,CORREO_ELECTRONICO) VALUES (4,'Ana María López','80 nº 2200 entre 19 y 20','+54 9 221 9876543','anamlopez@gmail.com');
INSERT INTO EMPLEADOS (ID_EMPLEADO,NOMBRE_APELLIDO,DIRECCION,TELEFONO,CORREO_ELECTRONICO) VALUES (5,'Javier Antonio Martínez','65 nº 2100 entre 16 y 17','+54 9 221 5678912','javiermartinez@gmail.com');
INSERT INTO EMPLEADOS (ID_EMPLEADO,NOMBRE_APELLIDO,DIRECCION,TELEFONO,CORREO_ELECTRONICO) VALUES (6,'Laura Victoria Fernández','40 nº 1900 entre 13 y 14','+54 9 221 2345678','laurafernandez@gmail.com');
INSERT INTO EMPLEADOS (ID_EMPLEADO,NOMBRE_APELLIDO,DIRECCION,TELEFONO,CORREO_ELECTRONICO) VALUES (7,'Alejandro José Sánchez','55 nº 2050 entre 15 y 16','+54 9 221 8765432','alejandrosanchez@gmail.com');
INSERT INTO EMPLEADOS (ID_EMPLEADO,NOMBRE_APELLIDO,DIRECCION,TELEFONO,CORREO_ELECTRONICO) VALUES (8,'Paula Andrea Torres','30 nº 1700 entre 11 y 12','+54 9 221 3456789','paulatorres@gmail.com');
INSERT INTO EMPLEADOS (ID_EMPLEADO,NOMBRE_APELLIDO,DIRECCION,TELEFONO,CORREO_ELECTRONICO) VALUES (9,'Andrés Felipe Ramírez','75 nº 2250 entre 18 y 19','+54 9 221 6543210','andresramirez@gmail.com');
INSERT INTO EMPLEADOS (ID_EMPLEADO,NOMBRE_APELLIDO,DIRECCION,TELEFONO,CORREO_ELECTRONICO) VALUES (10,'Isabel Cristina González','90 nº 2400 entre 21 y 22','+54 9 221 7890123','isabelgonzalez@gmail.com');
INSERT INTO EMPLEADOS (ID_EMPLEADO,NOMBRE_APELLIDO,DIRECCION,TELEFONO,CORREO_ELECTRONICO) VALUES (11,'Eduardo Alejandro Vargas','25 nº 1600 entre 10 y 11','+54 9 221 4321098','eduardovargas@gmail.com');
INSERT INTO EMPLEADOS (ID_EMPLEADO,NOMBRE_APELLIDO,DIRECCION,TELEFONO,CORREO_ELECTRONICO) VALUES (12,'Sofía Isabel Morales','70 nº 2150 entre 16 y 17','+54 9 221 2109876','sofiamorales@gmail.com');
INSERT INTO EMPLEADOS (ID_EMPLEADO,NOMBRE_APELLIDO,DIRECCION,TELEFONO,CORREO_ELECTRONICO) VALUES (13,'Pedro José Castro','45 nº 1950 entre 12 y 13','+54 9 221 8765432','pedrocastro@gmail.com');
INSERT INTO EMPLEADOS (ID_EMPLEADO,NOMBRE_APELLIDO,DIRECCION,TELEFONO,CORREO_ELECTRONICO) VALUES (14,'Gabriela Patricia Herrera','60 nº 2050 entre 15 y 16','+54 9 221 3456789','gabrielaherrera@gmail.com');
INSERT INTO EMPLEADOS (ID_EMPLEADO,NOMBRE_APELLIDO,DIRECCION,TELEFONO,CORREO_ELECTRONICO) VALUES (15,'Luisa María Ortega','85 nº 2300 entre 20 y 21','+54 9 221 6543210','luisaortega@gmail.com');

-- INSERCIÓN EN TABLA VENTAS
INSERT INTO VENTAS (ID_VENTA,FECHA,HORA,ID_EMPLEADO) VALUES (1, '2023-06-01', '10:00:00',14);
INSERT INTO VENTAS (ID_VENTA,FECHA,HORA,ID_EMPLEADO) VALUES (2, '2023-06-02', '12:30:00',2);
INSERT INTO VENTAS (ID_VENTA,FECHA,HORA,ID_EMPLEADO) VALUES (3, '2023-06-03', '15:45:00',3);
INSERT INTO VENTAS (ID_VENTA,FECHA,HORA,ID_EMPLEADO) VALUES (4, '2023-06-04', '08:15:00',15);
INSERT INTO VENTAS (ID_VENTA,FECHA,HORA,ID_EMPLEADO) VALUES (5, '2023-06-05', '14:20:00',1);
INSERT INTO VENTAS (ID_VENTA,FECHA,HORA,ID_EMPLEADO) VALUES (6, '2023-06-06', '09:45:00',6);
INSERT INTO VENTAS (ID_VENTA,FECHA,HORA,ID_EMPLEADO) VALUES (7, '2023-06-07', '11:10:00',7);
INSERT INTO VENTAS (ID_VENTA,FECHA,HORA,ID_EMPLEADO) VALUES (8, '2023-06-08', '16:30:00',2);
INSERT INTO VENTAS (ID_VENTA,FECHA,HORA,ID_EMPLEADO) VALUES (9, '2023-06-09', '13:25:00',3);
INSERT INTO VENTAS (ID_VENTA,FECHA,HORA,ID_EMPLEADO) VALUES (10, '2023-06-10', '10:45:00',6);
INSERT INTO VENTAS (ID_VENTA,FECHA,HORA,ID_EMPLEADO) VALUES (11, '2023-06-11', '14:00:00',8);
INSERT INTO VENTAS (ID_VENTA,FECHA,HORA,ID_EMPLEADO) VALUES (12, '2023-06-12', '17:45:00',10);
INSERT INTO VENTAS (ID_VENTA,FECHA,HORA,ID_EMPLEADO) VALUES (13, '2023-06-13', '09:20:00',12);
INSERT INTO VENTAS (ID_VENTA,FECHA,HORA,ID_EMPLEADO) VALUES (14, '2023-06-14', '12:10:00',11);
INSERT INTO VENTAS (ID_VENTA,FECHA,HORA,ID_EMPLEADO) VALUES (15, '2023-06-15', '15:50:00',4);


-- INSERCIÓN EN TABLA PROVEEDORES
INSERT INTO PROVEEDORES (ID_PROVEEDOR,NOMBRE_APELLIDO,DIRECCION,TELEFONO,CORREO_ELECTRONICO,URL_LISTA_PRECIOS) VALUES (1, 'Juan Carlos Pérez', '60 nº 1912 entre 13 y 14', '+54 9 221 3548564', 'juancarlosperez@gmail.com', 'www.tiendapeces.com/lista_precios');
INSERT INTO PROVEEDORES (ID_PROVEEDOR,NOMBRE_APELLIDO,DIRECCION,TELEFONO,CORREO_ELECTRONICO,URL_LISTA_PRECIOS) VALUES (2, 'María Alejandra García', '70 nº 2310 entre 15 y 16', '+54 9 221 9876543', 'mariaalejandragarcia@gmail.com', 'www.pecesexpress.com/lista_precios');
INSERT INTO PROVEEDORES (ID_PROVEEDOR,NOMBRE_APELLIDO,DIRECCION,TELEFONO,CORREO_ELECTRONICO,URL_LISTA_PRECIOS) VALUES (3, 'Carlos Eduardo Rodríguez', '80 nº 1234 entre 17 y 18', '+54 9 221 8765432', 'carloseduardorodriguez@gmail.com', 'www.acuariolider.com/lista_precios');
INSERT INTO PROVEEDORES (ID_PROVEEDOR,NOMBRE_APELLIDO,DIRECCION,TELEFONO,CORREO_ELECTRONICO,URL_LISTA_PRECIOS) VALUES (4, 'Ana María López', '90 nº 987 entre 19 y 20', '+54 9 221 7654321', 'anamarialopez@gmail.com', 'www.pescaonline.com/lista_precios');
INSERT INTO PROVEEDORES (ID_PROVEEDOR,NOMBRE_APELLIDO,DIRECCION,TELEFONO,CORREO_ELECTRONICO,URL_LISTA_PRECIOS) VALUES (5, 'Javier Antonio Martínez', '100 nº 5678 entre 21 y 22', '+54 9 221 6543210', 'javierantoniomartinez@gmail.com', 'www.pescaprofesional.com/lista_precios');
INSERT INTO PROVEEDORES (ID_PROVEEDOR,NOMBRE_APELLIDO,DIRECCION,TELEFONO,CORREO_ELECTRONICO,URL_LISTA_PRECIOS) VALUES (6, 'Laura Victoria Fernández', '110 nº 3456 entre 23 y 24', '+54 9 221 5432109', 'lauravictoriafernandez@gmail.com', 'www.pecesfelicidad.com/lista_precios');
INSERT INTO PROVEEDORES (ID_PROVEEDOR,NOMBRE_APELLIDO,DIRECCION,TELEFONO,CORREO_ELECTRONICO,URL_LISTA_PRECIOS) VALUES (7, 'Alejandro José Sánchez', '120 nº 7890 entre 25 y 26', '+54 9 221 4321098', 'alejandrojosesanchez@gmail.com', 'www.artedepescar.com/lista_precios');
INSERT INTO PROVEEDORES (ID_PROVEEDOR,NOMBRE_APELLIDO,DIRECCION,TELEFONO,CORREO_ELECTRONICO,URL_LISTA_PRECIOS) VALUES (8, 'Paula Andrea Torres', '130 nº 6543 entre 27 y 28', '+54 9 221 3210987', 'paulaandreatorres@gmail.com', 'www.pecesmarinos.com/lista_precios');
INSERT INTO PROVEEDORES (ID_PROVEEDOR,NOMBRE_APELLIDO,DIRECCION,TELEFONO,CORREO_ELECTRONICO,URL_LISTA_PRECIOS) VALUES (9, 'Andrés Felipe Ramírez', '140 nº 9876 entre 29 y 30', '+54 9 221 2109876', 'andresfeliperamirez@gmail.com', 'www.pezestropicales.com/lista_precios');
INSERT INTO PROVEEDORES (ID_PROVEEDOR,NOMBRE_APELLIDO,DIRECCION,TELEFONO,CORREO_ELECTRONICO,URL_LISTA_PRECIOS) VALUES (10, 'Isabel Cristina González', '150 nº 2345 entre 31 y 32', '+54 9 221 1098765', 'isabelcristinagonzalez@gmail.com', 'www.tiendapescadores.com/lista_precios');
INSERT INTO PROVEEDORES (ID_PROVEEDOR,NOMBRE_APELLIDO,DIRECCION,TELEFONO,CORREO_ELECTRONICO,URL_LISTA_PRECIOS) VALUES (11, 'Eduardo Alejandro Vargas', '160 nº 8765 entre 33 y 34', '+54 9 221 0987654', 'eduardoalejandrovargas@gmail.com', 'www.pescaaventura.com/lista_precios');
INSERT INTO PROVEEDORES (ID_PROVEEDOR,NOMBRE_APELLIDO,DIRECCION,TELEFONO,CORREO_ELECTRONICO,URL_LISTA_PRECIOS) VALUES (12, 'Sofía Isabel Morales', '170 nº 5432 entre 35 y 36', '+54 9 221 9876543', 'sofiaisabelmorales@gmail.com', 'www.pescaextrema.com/lista_precios');
INSERT INTO PROVEEDORES (ID_PROVEEDOR,NOMBRE_APELLIDO,DIRECCION,TELEFONO,CORREO_ELECTRONICO,URL_LISTA_PRECIOS) VALUES (13, 'Gabriela Patricia Herrera', '190 nº 4321 entre 39 y 40', '+54 9 221 7654321', 'gabrielapatriciaherrera@gmail.com', 'www.pescaaventuraextrema.com/lista_precios');
INSERT INTO PROVEEDORES (ID_PROVEEDOR,NOMBRE_APELLIDO,DIRECCION,TELEFONO,CORREO_ELECTRONICO,URL_LISTA_PRECIOS) VALUES (14, 'Luisa María Ortega', '200 nº 9876 entre 41 y 42', '+54 9 221 6543210', 'luisamariaortega@gmail.com', 'www.pecesdelmundo.com/lista_precios');
INSERT INTO PROVEEDORES (ID_PROVEEDOR,NOMBRE_APELLIDO,DIRECCION,TELEFONO,CORREO_ELECTRONICO,URL_LISTA_PRECIOS) VALUES (15, 'Ricardo Andrés Gómez', '210 nº 1234 entre 43 y 44', '+54 9 221 5432109', 'ricardoandresgomez@gmail.com', 'www.pescaenaccion.com/lista_precios');

-- INSERCIÓN EN TABLA CATEGORIAS
INSERT INTO CATEGORIAS (ID_CATEGORIA,NOMBRE) VALUES (1,'Cañas de pescar');
INSERT INTO CATEGORIAS (ID_CATEGORIA,NOMBRE) VALUES (2,'Carretes de pesca');
INSERT INTO CATEGORIAS (ID_CATEGORIA,NOMBRE) VALUES (3,'Señuelos y cebos');
INSERT INTO CATEGORIAS (ID_CATEGORIA,NOMBRE) VALUES (4,'Anzuelos y accesorios');
INSERT INTO CATEGORIAS (ID_CATEGORIA,NOMBRE) VALUES (5,'Líneas de pesca');
INSERT INTO CATEGORIAS (ID_CATEGORIA,NOMBRE) VALUES (6,'Equipamiento de camping');
INSERT INTO CATEGORIAS (ID_CATEGORIA,NOMBRE) VALUES (7,'Tiendas de campaña');
INSERT INTO CATEGORIAS (ID_CATEGORIA,NOMBRE) VALUES (8,'Sacos de dormir');
INSERT INTO CATEGORIAS (ID_CATEGORIA,NOMBRE) VALUES (9,'Colchonetas y almohadas');
INSERT INTO CATEGORIAS (ID_CATEGORIA,NOMBRE) VALUES (10,'Utensilios de cocina para camping');
INSERT INTO CATEGORIAS (ID_CATEGORIA,NOMBRE) VALUES (11,'Iluminación y linternas');
INSERT INTO CATEGORIAS (ID_CATEGORIA,NOMBRE) VALUES (12,'Mochilas y bolsos de camping');
INSERT INTO CATEGORIAS (ID_CATEGORIA,NOMBRE) VALUES (13,'Botellas y recipientes para agua');
INSERT INTO CATEGORIAS (ID_CATEGORIA,NOMBRE) VALUES (14,'Herramientas y utensilios de supervivencia');
INSERT INTO CATEGORIAS (ID_CATEGORIA,NOMBRE) VALUES (15,'Ropa y calzado de outdoor');

-- INSERCIÓN EN TABLA SUBCATEGORIAS
INSERT INTO SUBCATEGORIAS (ID_SUBCATEGORIA,NOMBRE,ID_CATEGORIA) VALUES (1,'Spinning',1);
INSERT INTO SUBCATEGORIAS (ID_SUBCATEGORIA,NOMBRE,ID_CATEGORIA) VALUES (2,'Baitcasting',1);
INSERT INTO SUBCATEGORIAS (ID_SUBCATEGORIA,NOMBRE,ID_CATEGORIA) VALUES (3,'Surfcasting',1);
INSERT INTO SUBCATEGORIAS (ID_SUBCATEGORIA,NOMBRE,ID_CATEGORIA) VALUES (4,'Spinning',2);
INSERT INTO SUBCATEGORIAS (ID_SUBCATEGORIA,NOMBRE,ID_CATEGORIA) VALUES (5,'Baitcasting',2);
INSERT INTO SUBCATEGORIAS (ID_SUBCATEGORIA,NOMBRE,ID_CATEGORIA) VALUES (6,'Arrastre',2);
INSERT INTO SUBCATEGORIAS (ID_SUBCATEGORIA,NOMBRE,ID_CATEGORIA) VALUES (7,'Señuelos artificiales',3);
INSERT INTO SUBCATEGORIAS (ID_SUBCATEGORIA,NOMBRE,ID_CATEGORIA) VALUES (8,'Cebos naturales',3);
INSERT INTO SUBCATEGORIAS (ID_SUBCATEGORIA,NOMBRE,ID_CATEGORIA) VALUES (9,'Anzuelos simples',4);
INSERT INTO SUBCATEGORIAS (ID_SUBCATEGORIA,NOMBRE,ID_CATEGORIA) VALUES (10,'Anzuelos triples',4);
INSERT INTO SUBCATEGORIAS (ID_SUBCATEGORIA,NOMBRE,ID_CATEGORIA) VALUES (11,'Accesorios de pesca',4);
INSERT INTO SUBCATEGORIAS (ID_SUBCATEGORIA,NOMBRE,ID_CATEGORIA) VALUES (12,'Afiladores de anzuelos',4);
INSERT INTO SUBCATEGORIAS (ID_SUBCATEGORIA,NOMBRE,ID_CATEGORIA) VALUES (13,'Variada',5);
INSERT INTO SUBCATEGORIAS (ID_SUBCATEGORIA,NOMBRE,ID_CATEGORIA) VALUES (14,'Pejerrey',5);
INSERT INTO SUBCATEGORIAS (ID_SUBCATEGORIA,NOMBRE,ID_CATEGORIA) VALUES (15,'Rio',5);

-- INSERCIÓN EN TABLA PRODUCTOS
INSERT INTO PRODUCTOS (ID_PRODUCTO,NOMBRE,DESCRIPCION,PRECIO_COSTO,PRECIO_LISTA,PRECIO_FINAL,CANTIDAD_DISPONIBLE,ID_SUBCATEGORIA) 
VALUES (1, 'Caña de pescar telescópica', 'Caña de pescar de fibra de carbono telescópica, ideal para la pesca en ríos y lagos', 35.50, 49.99, 45.99, 10, 1);
INSERT INTO PRODUCTOS (ID_PRODUCTO,NOMBRE,DESCRIPCION,PRECIO_COSTO,PRECIO_LISTA,PRECIO_FINAL,CANTIDAD_DISPONIBLE,ID_SUBCATEGORIA) 
VALUES (2, 'Carrete de pesca spinning', 'Carrete de pesca para spinning con sistema de rodamiento suave y freno ajustable', 25.99, 39.99, 34.99, 15, 2);
INSERT INTO PRODUCTOS (ID_PRODUCTO,NOMBRE,DESCRIPCION,PRECIO_COSTO,PRECIO_LISTA,PRECIO_FINAL,CANTIDAD_DISPONIBLE,ID_SUBCATEGORIA) 
VALUES (3, 'Señuelo artificial crankbait', 'Señuelo de pesca artificial tipo crankbait, imita a un pez y atrae a los depredadores', 8.75, 14.99, 12.99, 20, 3);
INSERT INTO PRODUCTOS (ID_PRODUCTO,NOMBRE,DESCRIPCION,PRECIO_COSTO,PRECIO_LISTA,PRECIO_FINAL,CANTIDAD_DISPONIBLE,ID_SUBCATEGORIA) 
VALUES (4, 'Anzuelos de pesca triples', 'Anzuelos triples de alta calidad, ideales para la pesca con señuelos grandes', 5.25, 9.99, 7.99, 50, 4);
INSERT INTO PRODUCTOS (ID_PRODUCTO,NOMBRE,DESCRIPCION,PRECIO_COSTO,PRECIO_LISTA,PRECIO_FINAL,CANTIDAD_DISPONIBLE,ID_SUBCATEGORIA) 
VALUES (5, 'Línea de pesca trenzada', 'Línea de pesca trenzada resistente y de alto rendimiento, ideal para pesca en aguas saladas', 12.99, 19.99, 16.99, 30, 5);
INSERT INTO PRODUCTOS (ID_PRODUCTO,NOMBRE,DESCRIPCION,PRECIO_COSTO,PRECIO_LISTA,PRECIO_FINAL,CANTIDAD_DISPONIBLE,ID_SUBCATEGORIA) 
VALUES (6, 'Tienda de campaña familiar', 'Tienda de campaña espaciosa para toda la familia, resistente al agua y fácil de montar', 89.99, 129.99, 119.99, 5, 6);
INSERT INTO PRODUCTOS (ID_PRODUCTO,NOMBRE,DESCRIPCION,PRECIO_COSTO,PRECIO_LISTA,PRECIO_FINAL,CANTIDAD_DISPONIBLE,ID_SUBCATEGORIA) 
VALUES (7, 'Saco de dormir ligero', 'Saco de dormir ligero y compacto, perfecto para actividades al aire libre', 29.99, 39.99, 35.99, 12, 7);
INSERT INTO PRODUCTOS (ID_PRODUCTO,NOMBRE,DESCRIPCION,PRECIO_COSTO,PRECIO_LISTA,PRECIO_FINAL,CANTIDAD_DISPONIBLE,ID_SUBCATEGORIA) 
VALUES (8, 'Colchoneta inflable', 'Colchoneta inflable para camping, cómoda y fácil de transportar', 18.50, 24.99, 21.99, 25, 8);
INSERT INTO PRODUCTOS (ID_PRODUCTO,NOMBRE,DESCRIPCION,PRECIO_COSTO,PRECIO_LISTA,PRECIO_FINAL,CANTIDAD_DISPONIBLE,ID_SUBCATEGORIA) 
VALUES (9, 'Set de utensilios de cocina para camping', 'Set de utensilios de cocina compacto y resistente para actividades de camping', 24.99, 34.99, 30.99, 8, 9);
INSERT INTO PRODUCTOS (ID_PRODUCTO,NOMBRE,DESCRIPCION,PRECIO_COSTO,PRECIO_LISTA,PRECIO_FINAL,CANTIDAD_DISPONIBLE,ID_SUBCATEGORIA) 
VALUES (10, 'Linterna LED recargable', 'Linterna LED de alto brillo y larga duración, recargable mediante USB', 14.99, 22.99, 19.99, 18, 10);
INSERT INTO PRODUCTOS (ID_PRODUCTO,NOMBRE,DESCRIPCION,PRECIO_COSTO,PRECIO_LISTA,PRECIO_FINAL,CANTIDAD_DISPONIBLE,ID_SUBCATEGORIA) 
VALUES (11, 'Mochila impermeable de senderismo', 'Mochila impermeable con múltiples compartimentos y correas ajustables, ideal para senderismo', 42.99, 59.99, 54.99, 7, 11);
INSERT INTO PRODUCTOS (ID_PRODUCTO,NOMBRE,DESCRIPCION,PRECIO_COSTO,PRECIO_LISTA,PRECIO_FINAL,CANTIDAD_DISPONIBLE,ID_SUBCATEGORIA) 
VALUES (12, 'Botella de agua plegable', 'Botella de agua plegable y reutilizable, fácil de transportar en actividades al aire libre', 7.99, 12.99, 10.99, 40, 12);
INSERT INTO PRODUCTOS (ID_PRODUCTO,NOMBRE,DESCRIPCION,PRECIO_COSTO,PRECIO_LISTA,PRECIO_FINAL,CANTIDAD_DISPONIBLE,ID_SUBCATEGORIA) 
VALUES (13, 'Navaja multiusos', 'Navaja multiusos con múltiples herramientas, compacta y versátil', 16.50, 24.99, 20.99, 15, 13);
INSERT INTO PRODUCTOS (ID_PRODUCTO,NOMBRE,DESCRIPCION,PRECIO_COSTO,PRECIO_LISTA,PRECIO_FINAL,CANTIDAD_DISPONIBLE,ID_SUBCATEGORIA) 
VALUES (14, 'Camiseta de secado rápido', 'Camiseta de secado rápido para actividades al aire libre, transpirable y resistente al sol, ideal para actividades al aire libre', 19.99, 29.99, 24.99, 25, 14);
INSERT INTO PRODUCTOS (ID_PRODUCTO,NOMBRE,DESCRIPCION,PRECIO_COSTO,PRECIO_LISTA,PRECIO_FINAL,CANTIDAD_DISPONIBLE,ID_SUBCATEGORIA) 
VALUES (15, 'Bolsa estanca para camping', 'Bolsa estanca resistente al agua y duradera, perfecta para proteger tus pertenencias en entornos húmedos', 12.99, 19.99, 16.99, 20, 15);

-- INSERCIÓN EN TABLA METODOS_PAGO
INSERT INTO METODOS_PAGO (ID_METODO_PAGO,NOMBRE) VALUES (1,'Mercado Pago');
INSERT INTO METODOS_PAGO (ID_METODO_PAGO,NOMBRE) VALUES (2,'Cuenta DNI');
INSERT INTO METODOS_PAGO (ID_METODO_PAGO,NOMBRE) VALUES (3,'Tarjeta de debito');
INSERT INTO METODOS_PAGO (ID_METODO_PAGO,NOMBRE) VALUES (4,'Tarjeta de crédito');
INSERT INTO METODOS_PAGO (ID_METODO_PAGO,NOMBRE) VALUES (5,'Efectivo');

-- INSERCIÓN EN TABLA DETALLE_VENTA
INSERT INTO DETALLE_VENTA (ID_DETALLE_VENTA,ID_VENTA,ID_PRODUCTO,CANTIDAD,PRECIO_UNITARIO) VALUES (1,4,5,2,9.99);
INSERT INTO DETALLE_VENTA (ID_DETALLE_VENTA,ID_VENTA,ID_PRODUCTO,CANTIDAD,PRECIO_UNITARIO) VALUES (2,3,8,1,24.99);
INSERT INTO DETALLE_VENTA (ID_DETALLE_VENTA,ID_VENTA,ID_PRODUCTO,CANTIDAD,PRECIO_UNITARIO) VALUES (3,4,5,2,19.99);
INSERT INTO DETALLE_VENTA (ID_DETALLE_VENTA,ID_VENTA,ID_PRODUCTO,CANTIDAD,PRECIO_UNITARIO) VALUES (4,4,6,4,129.99);
INSERT INTO DETALLE_VENTA (ID_DETALLE_VENTA,ID_VENTA,ID_PRODUCTO,CANTIDAD,PRECIO_UNITARIO) VALUES (5,4,2,3,39.99);
INSERT INTO DETALLE_VENTA (ID_DETALLE_VENTA,ID_VENTA,ID_PRODUCTO,CANTIDAD,PRECIO_UNITARIO) VALUES (6,4,11,1,59.99);
INSERT INTO DETALLE_VENTA (ID_DETALLE_VENTA,ID_VENTA,ID_PRODUCTO,CANTIDAD,PRECIO_UNITARIO) VALUES (7,4,8,1,24.99);
INSERT INTO DETALLE_VENTA (ID_DETALLE_VENTA,ID_VENTA,ID_PRODUCTO,CANTIDAD,PRECIO_UNITARIO) VALUES (8,4,13,4,24.99);
INSERT INTO DETALLE_VENTA (ID_DETALLE_VENTA,ID_VENTA,ID_PRODUCTO,CANTIDAD,PRECIO_UNITARIO) VALUES (9,4,12,5,12.99);
INSERT INTO DETALLE_VENTA (ID_DETALLE_VENTA,ID_VENTA,ID_PRODUCTO,CANTIDAD,PRECIO_UNITARIO) VALUES (10,4,7,1,39.99);
INSERT INTO DETALLE_VENTA (ID_DETALLE_VENTA,ID_VENTA,ID_PRODUCTO,CANTIDAD,PRECIO_UNITARIO) VALUES (11,4,10,7,22.99);
INSERT INTO DETALLE_VENTA (ID_DETALLE_VENTA,ID_VENTA,ID_PRODUCTO,CANTIDAD,PRECIO_UNITARIO) VALUES (12,4,11,2,59.99);
INSERT INTO DETALLE_VENTA (ID_DETALLE_VENTA,ID_VENTA,ID_PRODUCTO,CANTIDAD,PRECIO_UNITARIO) VALUES (13,4,3,3,14.99);
INSERT INTO DETALLE_VENTA (ID_DETALLE_VENTA,ID_VENTA,ID_PRODUCTO,CANTIDAD,PRECIO_UNITARIO) VALUES (14,4,1,1,49.99);
INSERT INTO DETALLE_VENTA (ID_DETALLE_VENTA,ID_VENTA,ID_PRODUCTO,CANTIDAD,PRECIO_UNITARIO) VALUES (15,4,12,1,12.99);

-- INSERCIÓN EN TABLA PRODUCTO_PROVEEDOR
INSERT INTO PRODUCTO_PROVEEDOR (ID_PRODUCTO_PROVEEDOR,ID_PRODUCTO,ID_PROVEEDOR,PRECIO_COMPRA) VALUES (1,5,1,9.99);
INSERT INTO PRODUCTO_PROVEEDOR (ID_PRODUCTO_PROVEEDOR,ID_PRODUCTO,ID_PROVEEDOR,PRECIO_COMPRA) VALUES (2,2,2,24.99);
INSERT INTO PRODUCTO_PROVEEDOR (ID_PRODUCTO_PROVEEDOR,ID_PRODUCTO,ID_PROVEEDOR,PRECIO_COMPRA) VALUES (3,3,3,19.99);
INSERT INTO PRODUCTO_PROVEEDOR (ID_PRODUCTO_PROVEEDOR,ID_PRODUCTO,ID_PROVEEDOR,PRECIO_COMPRA) VALUES (4,4,4,129.99);
INSERT INTO PRODUCTO_PROVEEDOR (ID_PRODUCTO_PROVEEDOR,ID_PRODUCTO,ID_PROVEEDOR,PRECIO_COMPRA) VALUES (5,6,5,39.99);
INSERT INTO PRODUCTO_PROVEEDOR (ID_PRODUCTO_PROVEEDOR,ID_PRODUCTO,ID_PROVEEDOR,PRECIO_COMPRA) VALUES (6,7,6,59.99);
INSERT INTO PRODUCTO_PROVEEDOR (ID_PRODUCTO_PROVEEDOR,ID_PRODUCTO,ID_PROVEEDOR,PRECIO_COMPRA) VALUES (7,9,7,24.99);
INSERT INTO PRODUCTO_PROVEEDOR (ID_PRODUCTO_PROVEEDOR,ID_PRODUCTO,ID_PROVEEDOR,PRECIO_COMPRA) VALUES (8,10,8,24.99);
INSERT INTO PRODUCTO_PROVEEDOR (ID_PRODUCTO_PROVEEDOR,ID_PRODUCTO,ID_PROVEEDOR,PRECIO_COMPRA) VALUES (9,1,9,12.99);
INSERT INTO PRODUCTO_PROVEEDOR (ID_PRODUCTO_PROVEEDOR,ID_PRODUCTO,ID_PROVEEDOR,PRECIO_COMPRA) VALUES (10,11,10,39.99);
INSERT INTO PRODUCTO_PROVEEDOR (ID_PRODUCTO_PROVEEDOR,ID_PRODUCTO,ID_PROVEEDOR,PRECIO_COMPRA) VALUES (11,12,11,22.99);
INSERT INTO PRODUCTO_PROVEEDOR (ID_PRODUCTO_PROVEEDOR,ID_PRODUCTO,ID_PROVEEDOR,PRECIO_COMPRA) VALUES (12,5,12,59.99);
INSERT INTO PRODUCTO_PROVEEDOR (ID_PRODUCTO_PROVEEDOR,ID_PRODUCTO,ID_PROVEEDOR,PRECIO_COMPRA) VALUES (13,8,13,14.99);
INSERT INTO PRODUCTO_PROVEEDOR (ID_PRODUCTO_PROVEEDOR,ID_PRODUCTO,ID_PROVEEDOR,PRECIO_COMPRA) VALUES (14,13,14,49.99);
INSERT INTO PRODUCTO_PROVEEDOR (ID_PRODUCTO_PROVEEDOR,ID_PRODUCTO,ID_PROVEEDOR,PRECIO_COMPRA) VALUES (15,14,15,12.99);

-- INSERCIÓN EN TABLA DETALLE_METODO_PAGO_VENTA
INSERT INTO DETALLE_METODO_PAGO_VENTA (ID_DETALLE_METODO_PAGO_VENTA,ID_VENTA,ID_METODO_PAGO,MONTO_PAGADO) VALUES (1,1,1,180.99);
INSERT INTO DETALLE_METODO_PAGO_VENTA (ID_DETALLE_METODO_PAGO_VENTA,ID_VENTA,ID_METODO_PAGO,MONTO_PAGADO) VALUES (2,2,3,250.50);
INSERT INTO DETALLE_METODO_PAGO_VENTA (ID_DETALLE_METODO_PAGO_VENTA,ID_VENTA,ID_METODO_PAGO,MONTO_PAGADO) VALUES (3,3,2,200.00);
INSERT INTO DETALLE_METODO_PAGO_VENTA (ID_DETALLE_METODO_PAGO_VENTA,ID_VENTA,ID_METODO_PAGO,MONTO_PAGADO) VALUES (4,4,1,300.21);
INSERT INTO DETALLE_METODO_PAGO_VENTA (ID_DETALLE_METODO_PAGO_VENTA,ID_VENTA,ID_METODO_PAGO,MONTO_PAGADO) VALUES (5,5,3,15.00);
INSERT INTO DETALLE_METODO_PAGO_VENTA (ID_DETALLE_METODO_PAGO_VENTA,ID_VENTA,ID_METODO_PAGO,MONTO_PAGADO) VALUES (6,6,4,12.30);
INSERT INTO DETALLE_METODO_PAGO_VENTA (ID_DETALLE_METODO_PAGO_VENTA,ID_VENTA,ID_METODO_PAGO,MONTO_PAGADO) VALUES (7,7,1,35.60);
INSERT INTO DETALLE_METODO_PAGO_VENTA (ID_DETALLE_METODO_PAGO_VENTA,ID_VENTA,ID_METODO_PAGO,MONTO_PAGADO) VALUES (8,8,2,82.20);
INSERT INTO DETALLE_METODO_PAGO_VENTA (ID_DETALLE_METODO_PAGO_VENTA,ID_VENTA,ID_METODO_PAGO,MONTO_PAGADO) VALUES (9,9,2,46.20);
INSERT INTO DETALLE_METODO_PAGO_VENTA (ID_DETALLE_METODO_PAGO_VENTA,ID_VENTA,ID_METODO_PAGO,MONTO_PAGADO) VALUES (10,10,3,500.50);
INSERT INTO DETALLE_METODO_PAGO_VENTA (ID_DETALLE_METODO_PAGO_VENTA,ID_VENTA,ID_METODO_PAGO,MONTO_PAGADO) VALUES (11,11,4,40.50);
INSERT INTO DETALLE_METODO_PAGO_VENTA (ID_DETALLE_METODO_PAGO_VENTA,ID_VENTA,ID_METODO_PAGO,MONTO_PAGADO) VALUES (12,12,4,350.20);
INSERT INTO DETALLE_METODO_PAGO_VENTA (ID_DETALLE_METODO_PAGO_VENTA,ID_VENTA,ID_METODO_PAGO,MONTO_PAGADO) VALUES (13,13,3,280.80);
INSERT INTO DETALLE_METODO_PAGO_VENTA (ID_DETALLE_METODO_PAGO_VENTA,ID_VENTA,ID_METODO_PAGO,MONTO_PAGADO) VALUES (14,14,1,600.00);
INSERT INTO DETALLE_METODO_PAGO_VENTA (ID_DETALLE_METODO_PAGO_VENTA,ID_VENTA,ID_METODO_PAGO,MONTO_PAGADO) VALUES (15,15,2,500.00);